CUSTOMER,SEQUENCE,CUSTOMER_NAME,Division,ORDER_,DESPATCH_,ORDER_LINE,ITEM,DESCRIPTION,QTY,Item_Weight,Total_Weight,Item_Type,Item_Class,Destination_Country,LONG_DANGEROUS_CODE,COMMITED_DATE,EXPECTED_DATE,REQUESTED_SHIP_BY_DATE,CUSTOMER_REQUESTED_DATE,REQUESTED_DATE,CREATION_TIME,RP_STATUS_TIME,PP_STATUS_TIME,PC_Status_Time,CP_Status_Time,CO_Status_Time,ALLOCATION_TIME,PICK_LIST_PRINTED_TIME,STATUS,STOCKROOM,Time_Zone_Hours,CRITICALITY,Carrier,Dispatch_method,Customer_Reference,Terms_of_Delivery,PACKING,Fiscal_Document_Type,Tax_Engine_Status,Pre_Carriage_Load_ID,Main_Carriage_Load_ID,LATE_SHIP_DATE,LATE_SHIP_TIME,End_User_Name
00034,A02,MINERA EL ROBLE SA                 ,PARTSERV            ,0046907,00,1,20797408,BEARING BUSHING                     ,2.00,0.360,0.720,P,DR,,,yyyy-MM-dd,yyyy-MM-dd,yyyy-MM-dd,yyyy-MM-dd,2026-07-29,2026-07-24 11:28:28,,,,,,2026-07-24 11:32:55,2026-07-24 11:32:55,PP,01,-6:00,2,,,,CIP,,,,,,,00:00:00,MINERA EL ROBLE SA                 
00034,A02,MINERA EL ROBLE SA                 ,PARTSERV            ,0046907,00,3,69042235,NARROW V-BELT SEE T TEXT            ,2.00,0.090,0.180,P,LT,,,yyyy-MM-dd,yyyy-MM-dd,yyyy-MM-dd,yyyy-MM-dd,2026-07-29,2026-07-24 11:28:28,,,,,,2026-07-24 11:32:55,2026-07-24 11:32:55,PP,01,-6:00,2,,,,CIP,,,,,,,00:00:00,MINERA EL ROBLE SA                 
00034,A02,MINERA EL ROBLE SA                 ,PARTSERV            ,0046907,00,4,70212653,BUSHING                             ,4.00,0.020,0.080,P,DS,,,yyyy-MM-dd,yyyy-MM-dd,yyyy-MM-dd,yyyy-MM-dd,2026-07-29,2026-07-24 11:28:28,,,,,,2026-07-24 11:32:55,2026-07-24 11:32:55,PP,01,-6:00,2,,,,CIP,,,,,,,00:00:00,MINERA EL ROBLE SA                 
00034,A02,MINERA EL ROBLE SA                 ,PARTSERV            ,0046907,00,6,BG00864184,CENTRIFUGAL WATER PUMP              ,1.00,30.500,30.500,C,DS,,,yyyy-MM-dd,yyyy-MM-dd,yyyy-MM-dd,yyyy-MM-dd,2026-07-29,2026-07-24 11:28:28,,,,,,2026-07-24 11:32:55,2026-07-24 11:32:55,PP,01,-6:00,2,,,,CIP,,,,,,,00:00:00,MINERA EL ROBLE SA                 
00034,A02,MINERA EL ROBLE SA                 ,PARTSERV            ,0046907,01,8,88638829,CONTROL VALVE                       ,1.00,2.000,2.000,P,DR,,,yyyy-MM-dd,yyyy-MM-dd,yyyy-MM-dd,yyyy-MM-dd,2026-08-26,2026-07-24 11:28:28,,,,,,2026-07-24 12:28:02,2026-07-24 12:28:02,PP,01,-6:00,2,,,,CIP,,,,,,,00:00:00,MINERA EL ROBLE SA                 
00035,A01,ARIS MINING MARMATO S.A.S          ,PARTSERV            ,0046896,00,1,81558479,FILTER ELEMENT (HYDRAULIC)          ,2.00,0.490,0.980,P,DR,,,yyyy-MM-dd,yyyy-MM-dd,yyyy-MM-dd,yyyy-MM-dd,2026-07-29,2026-07-23 18:05:40,,,,,,2026-07-24 14:33:28,2026-07-24 14:33:28,PP,01,-6:00,2,,,,DDP,,,,,,,00:00:00,ARIS MINING MARMATO S.A.S          
00035,A01,ARIS MINING MARMATO S.A.S          ,PARTSERV            ,0046895,00,1,BG00323815,OIL FILTER                          ,2.00,0.300,0.600,P,DR,,,yyyy-MM-dd,yyyy-MM-dd,yyyy-MM-dd,yyyy-MM-dd,2026-07-29,2026-07-23 17:58:21,,,,,,2026-07-24 14:33:28,2026-07-24 14:33:28,PP,01,-6:00,2,,,,DDP,,,,,,,00:00:00,ARIS MINING MARMATO S.A.S          
00035,A01,ARIS MINING MARMATO S.A.S          ,PARTSERV            ,0046891,00,1,56006066,"ELEMENT, FILTER                     ",2.00,1.500,3.000,P,LT,,,yyyy-MM-dd,yyyy-MM-dd,yyyy-MM-dd,yyyy-MM-dd,2026-07-29,2026-07-23 17:20:09,,,,,,2026-07-24 14:28:03,2026-07-24 14:28:03,PP,01,-6:00,2,,,,DDP,,,,,,,00:00:00,ARIS MINING MARMATO S.A.S          
00035,A01,ARIS MINING MARMATO S.A.S          ,PARTSERV            ,0046891,00,2,56040822,SAFETY ELEMENT                      ,17.00,0.580,9.860,P,LT,,,yyyy-MM-dd,yyyy-MM-dd,yyyy-MM-dd,yyyy-MM-dd,2026-07-29,2026-07-23 17:20:09,,,,,,2026-07-24 14:28:03,2026-07-24 14:28:03,PP,01,-6:00,2,,,,DDP,,,,,,,00:00:00,ARIS MINING MARMATO S.A.S          
00093,A01,ARIS MINING SEGOVIA                ,PARTSERV            ,0046889,00,73,04530143,"DAMPER, HOLE MOUNT                  ",6.00,1.130,6.780,P,LT,,,yyyy-MM-dd,yyyy-MM-dd,yyyy-MM-dd,yyyy-MM-dd,2026-07-29,2026-07-23 16:31:46,,,,,,2026-07-24 10:30:52,2026-07-24 10:30:52,PP,01,-6:00,2,,,,CIP,,,,,,,00:00:00,ARIS MINING SEGOVIA                
00093,A01,ARIS MINING SEGOVIA                ,PARTSERV            ,0046889,00,8,81558909,SPHERI.PLAIN BEARING                ,2.00,1.550,3.100,P,DR,,,yyyy-MM-dd,yyyy-MM-dd,yyyy-MM-dd,yyyy-MM-dd,2026-07-29,2026-07-23 16:31:43,,,,,,2026-07-24 10:30:52,2026-07-24 10:30:52,PP,01,-6:00,2,,,,CIP,,,,,,,00:00:00,ARIS MINING SEGOVIA                
00093,A01,ARIS MINING SEGOVIA                ,PARTSERV            ,0046889,00,4,BR00074204,FUEL PRE-FILTER                     ,2.00,0.690,1.380,P,JD,,,yyyy-MM-dd,yyyy-MM-dd,yyyy-MM-dd,yyyy-MM-dd,2026-07-29,2026-07-23 16:31:42,,,,,,2026-07-24 10:30:52,2026-07-24 10:30:52,PP,01,-6:00,2,,,,CIP,,,,,,,00:00:00,ARIS MINING SEGOVIA                
00093,A01,ARIS MINING SEGOVIA                ,PARTSERV            ,0046889,00,5,BR00074199,FUEL FILTER                         ,4.00,0.880,3.520,P,JD,,,yyyy-MM-dd,yyyy-MM-dd,yyyy-MM-dd,yyyy-MM-dd,2026-07-29,2026-07-23 16:31:42,,,,,,2026-07-24 10:30:52,2026-07-24 10:30:52,PP,01,-6:00,2,,,,CIP,,,,,,,00:00:00,ARIS MINING SEGOVIA                
00093,A01,ARIS MINING SEGOVIA                ,PARTSERV            ,0046889,00,6,BR00050633,PRIMARY FILTER                      ,1.00,0.760,0.760,P,JD,,,yyyy-MM-dd,yyyy-MM-dd,yyyy-MM-dd,yyyy-MM-dd,2026-07-29,2026-07-23 16:31:42,,,,,,2026-07-24 10:30:52,2026-07-24 10:30:52,PP,01,-6:00,2,,,,CIP,,,,,,,00:00:00,ARIS MINING SEGOVIA                
00093,A01,ARIS MINING SEGOVIA                ,PARTSERV            ,0046889,00,7,56038217,O-RING                              ,1.00,0.001,0.001,P,LT,,,yyyy-MM-dd,yyyy-MM-dd,yyyy-MM-dd,yyyy-MM-dd,2026-07-29,2026-07-23 16:31:42,,,,,,2026-07-24 10:30:52,2026-07-24 10:30:52,PP,01,-6:00,2,,,,CIP,,,,,,,00:00:00,ARIS MINING SEGOVIA                
00093,A01,ARIS MINING SEGOVIA                ,PARTSERV            ,0046888,01,11,56018844,"PEDAL, THROTTLE                     ",2.00,1.080,2.160,P,LT,,,yyyy-MM-dd,yyyy-MM-dd,yyyy-MM-dd,yyyy-MM-dd,2026-07-29,2026-07-23 15:45:07,,,,,,2026-07-23 16:47:05,2026-07-23 16:47:06,PP,01,-6:00,2,,,,CIP,,,,,,,00:00:00,ARIS MINING SEGOVIA                
00093,A01,ARIS MINING SEGOVIA                ,PARTSERV            ,0046888,01,13,04705972,SEAL BAND                           ,1.00,0.015,0.015,6,LT,,,yyyy-MM-dd,yyyy-MM-dd,yyyy-MM-dd,yyyy-MM-dd,2026-07-29,2026-07-23 15:45:07,,,,,,2026-07-23 16:47:05,2026-07-23 16:47:06,PP,01,-6:00,2,,,,CIP,,,,,,,00:00:00,ARIS MINING SEGOVIA                
00093,A01,ARIS MINING SEGOVIA                ,PARTSERV            ,0046888,01,14,70880191,SPRING                              ,1.00,0.010,0.010,P,DS,,,yyyy-MM-dd,yyyy-MM-dd,yyyy-MM-dd,yyyy-MM-dd,2026-07-29,2026-07-23 15:45:07,,,,,,2026-07-23 16:47:05,2026-07-23 16:47:06,PP,01,-6:00,2,,,,CIP,,,,,,,00:00:00,ARIS MINING SEGOVIA                
00093,A01,ARIS MINING SEGOVIA                ,PARTSERV            ,0046888,01,15,70880244,SPRING                              ,2.00,0.280,0.560,P,DS,,,yyyy-MM-dd,yyyy-MM-dd,yyyy-MM-dd,yyyy-MM-dd,2026-07-29,2026-07-23 15:45:07,,,,,,2026-07-23 16:47:05,2026-07-23 16:47:06,PP,01,-6:00,2,,,,CIP,,,,,,,00:00:00,ARIS MINING SEGOVIA                
00093,A01,ARIS MINING SEGOVIA                ,PARTSERV            ,0046888,01,4,80071779,SWITCH                              ,1.00,1.010,1.010,P,DR,,,yyyy-MM-dd,yyyy-MM-dd,yyyy-MM-dd,yyyy-MM-dd,2026-07-29,2026-07-23 15:45:06,,,,,,2026-07-23 16:47:05,2026-07-23 16:47:06,PP,01,-6:00,2,,,,CIP,,,,,,,00:00:00,ARIS MINING SEGOVIA                
00093,A01,ARIS MINING SEGOVIA                ,PARTSERV            ,0046888,01,5,08002404,"BLOCK, CONTACT                      ",1.00,0.053,0.053,P,LT,,,yyyy-MM-dd,yyyy-MM-dd,yyyy-MM-dd,yyyy-MM-dd,2026-07-29,2026-07-23 15:45:06,,,,,,2026-07-23 16:47:05,2026-07-23 16:47:06,PP,01,-6:00,2,,,,CIP,,,,,,,00:00:00,ARIS MINING SEGOVIA                
00093,A01,ARIS MINING SEGOVIA                ,PARTSERV            ,0046888,01,7,08002256,"SWITCH, ROCKER                      ",1.00,0.040,0.040,P,LT,,,yyyy-MM-dd,yyyy-MM-dd,yyyy-MM-dd,yyyy-MM-dd,2026-07-29,2026-07-23 15:45:06,,,,,,2026-07-23 16:47:05,2026-07-23 16:47:06,PP,01,-6:00,2,,,,CIP,,,,,,,00:00:00,ARIS MINING SEGOVIA                
00093,A01,ARIS MINING SEGOVIA                ,PARTSERV            ,0046888,01,8,07534055,RUBBER BAND                         ,4.00,0.075,0.300,6,LT,,,yyyy-MM-dd,yyyy-MM-dd,yyyy-MM-dd,yyyy-MM-dd,2026-07-29,2026-07-23 15:45:06,,,,,,2026-07-23 16:47:05,2026-07-23 16:47:06,PP,01,-6:00,2,,,,CIP,,,,,,,00:00:00,ARIS MINING SEGOVIA                
00093,A01,ARIS MINING SEGOVIA                ,PARTSERV            ,0046888,01,1,56024370,SOLENOID                            ,3.00,0.640,1.920,P,LT,,,yyyy-MM-dd,yyyy-MM-dd,yyyy-MM-dd,yyyy-MM-dd,2026-07-29,2026-07-23 15:45:05,,,,,,2026-07-23 16:47:05,2026-07-23 16:47:06,PP,01,-6:00,2,,,,CIP,,,,,,,00:00:00,ARIS MINING SEGOVIA                
00035,A01,ARIS MINING MARMATO S.A.S          ,PARTSERV            ,0046516,07,40,04790082,SEAL                                ,15.00,0.001,0.015,P,LT,,,yyyy-MM-dd,yyyy-MM-dd,yyyy-MM-dd,yyyy-MM-dd,2026-06-30,2026-07-23 14:57:25,,,,,,2026-07-23 21:05:18,2026-07-23 21:05:18,PP,01,-6:00,2,,,,DDP,,,,,,,00:00:00,ARIS MINING MARMATO S.A.S          
00034,A02,MINERA EL ROBLE SA                 ,PARTSERV            ,0046883,00,1,86539599,SEAL KIT                            ,1.00,0.010,0.010,P,DR,,,yyyy-MM-dd,yyyy-MM-dd,yyyy-MM-dd,yyyy-MM-dd,2026-07-29,2026-07-22 17:25:02,,,,,,2026-07-24 11:16:48,2026-07-24 11:16:48,PP,01,-6:00,2,,,,CIP,,,,,,,00:00:00,MINERA EL ROBLE SA                 
00034,A02,MINERA EL ROBLE SA                 ,PARTSERV            ,0046882,00,1,55050828,DRIVER (BRONZE)                     ,1.00,2.220,2.220,P,DR,,,yyyy-MM-dd,yyyy-MM-dd,yyyy-MM-dd,yyyy-MM-dd,2026-07-28,2026-07-22 17:13:05,,,,,,2026-07-24 11:09:11,2026-07-24 11:09:12,PP,01,-6:00,2,,,,CIP,,,,,,,00:00:00,MINERA EL ROBLE SA                 
00034,A02,MINERA EL ROBLE SA                 ,PARTSERV            ,0046875,00,1,70460815,BOLT GUIDE                          ,2.00,1.270,2.540,P,DS,,,yyyy-MM-dd,yyyy-MM-dd,yyyy-MM-dd,yyyy-MM-dd,2026-07-29,2026-07-22 12:53:42,,,,,,2026-07-24 15:15:26,2026-07-24 15:15:26,PP,01,-6:00,2,,,,CIP,,,,,,,00:00:00,MINERA EL ROBLE SA                 
00034,A02,MINERA EL ROBLE SA                 ,PARTSERV            ,0046850,00,1,77007231,CONTACTOR                           ,1.00,1.020,1.020,P,DS,,,yyyy-MM-dd,yyyy-MM-dd,yyyy-MM-dd,yyyy-MM-dd,2026-08-25,2026-07-21 12:34:14,,,,,,2026-07-24 12:27:45,2026-07-24 12:27:45,PP,01,-6:00,2,,,,CIP,,,,,,,00:00:00,MINERA EL ROBLE SA                 
00034,A02,MINERA EL ROBLE SA                 ,PARTSERV            ,0046846,00,1,00783270,"PIN, CLEVIS                         ",1.00,13.680,13.680,P,LT,,,yyyy-MM-dd,yyyy-MM-dd,yyyy-MM-dd,yyyy-MM-dd,2026-07-24,2026-07-21 11:14:20,,,,,,2026-07-24 10:54:59,2026-07-24 10:55:00,PP,01,-6:00,2,,,,CIP,,,,,,,00:00:00,MINERA EL ROBLE SA                 
00034,A02,MINERA EL ROBLE SA                 ,PARTSERV            ,0046846,00,2,00767720,"PIN,CLEVIS                          ",1.00,12.400,12.400,P,LT,,,yyyy-MM-dd,yyyy-MM-dd,yyyy-MM-dd,yyyy-MM-dd,2026-07-24,2026-07-21 11:14:20,,,,,,2026-07-24 10:54:59,2026-07-24 10:55:00,PP,01,-6:00,2,,,,CIP,,,,,,,00:00:00,MINERA EL ROBLE SA                 
00034,A02,MINERA EL ROBLE SA                 ,PARTSERV            ,0046846,00,4,00864670,BUSHING                             ,1.00,0.840,0.840,P,LT,,,yyyy-MM-dd,yyyy-MM-dd,yyyy-MM-dd,yyyy-MM-dd,2026-07-24,2026-07-21 11:14:20,,,,,,2026-07-24 10:55:00,2026-07-24 10:55:00,PP,01,-6:00,2,,,,CIP,,,,,,,00:00:00,MINERA EL ROBLE SA                 
00034,A02,MINERA EL ROBLE SA                 ,PARTSERV            ,0046846,00,5,02842700,SHIM                                ,8.00,0.008,0.064,P,LT,,,yyyy-MM-dd,yyyy-MM-dd,yyyy-MM-dd,yyyy-MM-dd,2026-07-24,2026-07-21 11:14:20,,,,,,2026-07-24 10:55:00,2026-07-24 10:55:00,PP,01,-6:00,2,,,,CIP,,,,,,,00:00:00,MINERA EL ROBLE SA                 
00034,A02,MINERA EL ROBLE SA                 ,PARTSERV            ,0046846,00,6,02830190,SHIM                                ,8.00,0.002,0.016,P,LT,,,yyyy-MM-dd,yyyy-MM-dd,yyyy-MM-dd,yyyy-MM-dd,2026-07-24,2026-07-21 11:14:20,,,,,,2026-07-24 10:55:00,2026-07-24 10:55:00,PP,01,-6:00,2,,,,CIP,,,,,,,00:00:00,MINERA EL ROBLE SA                 
00034,A02,MINERA EL ROBLE SA                 ,PARTSERV            ,0046846,00,7,AF00500569,"SCREW, SOCKET HEAD, HEXAGON         ",12.00,0.053,0.636,P,DR,,,yyyy-MM-dd,yyyy-MM-dd,yyyy-MM-dd,yyyy-MM-dd,2026-07-24,2026-07-21 11:14:20,,,,,,2026-07-24 10:55:00,2026-07-24 10:55:00,PP,01,-6:00,2,,,,CIP,,,,,,,00:00:00,MINERA EL ROBLE SA                 
00034,A02,MINERA EL ROBLE SA                 ,PARTSERV            ,0046846,00,8,AF00500566,"SCREW, SOCKET HEAD, HEXAGON         ",40.00,0.040,1.600,P,DR,,,yyyy-MM-dd,yyyy-MM-dd,yyyy-MM-dd,yyyy-MM-dd,2026-07-24,2026-07-21 11:14:20,,,,,,2026-07-24 10:55:00,2026-07-24 10:55:00,PP,01,-6:00,2,,,,CIP,,,,,,,00:00:00,MINERA EL ROBLE SA                 
00034,A02,MINERA EL ROBLE SA                 ,PARTSERV            ,0046846,00,9,AF03000034,"WASHER, LOCK, DISC-LOCK             ",28.00,0.006,0.168,P,DR,,,yyyy-MM-dd,yyyy-MM-dd,yyyy-MM-dd,yyyy-MM-dd,2026-07-24,2026-07-21 11:14:20,,,,,,2026-07-24 10:55:00,2026-07-24 10:55:00,PP,01,-6:00,2,,,,CIP,,,,,,,00:00:00,MINERA EL ROBLE SA                 
00034,A02,MINERA EL ROBLE SA                 ,PARTSERV            ,0046846,00,10,AF00102591,"SCREW, HEXAGON HEAD, PARTIAL THREA  ",22.00,0.230,5.060,P,DR,,,yyyy-MM-dd,yyyy-MM-dd,yyyy-MM-dd,yyyy-MM-dd,2026-07-24,2026-07-21 11:14:20,,,,,,2026-07-24 10:55:00,2026-07-24 10:55:00,PP,01,-6:00,2,,,,CIP,,,,,,,00:00:00,MINERA EL ROBLE SA                 
00034,A02,MINERA EL ROBLE SA                 ,PARTSERV            ,0046825,00,2,08002310,"LIGHT, LED*SEE T-TEXT*              ",2.00,0.470,0.940,P,LT,,,yyyy-MM-dd,yyyy-MM-dd,yyyy-MM-dd,yyyy-MM-dd,2026-08-25,2026-07-16 17:29:15,,,,,,2026-07-24 12:27:28,2026-07-24 12:27:28,PP,01,-6:00,2,,,,CIP,,,,,,,00:00:00,MINERA EL ROBLE SA                 
00008,A02,CERRO MATOSO SA                    ,PARTSERV            ,0046337,01,3,69029995,FILTER                              ,2.00,6.520,13.040,P,LE,,,yyyy-MM-dd,yyyy-MM-dd,yyyy-MM-dd,yyyy-MM-dd,2026-08-07,2026-07-16 10:07:04,,,,,,2026-07-24 12:26:00,2026-07-24 12:26:00,PP,01,-6:00,2,,,,CIP,,,,,,,00:00:00,CERRO MATOSO SA                    
00008,A02,CERRO MATOSO SA                    ,PARTSERV            ,0046337,01,4,007704-001,"AIR ELEMENT, FILTER                 ",4.00,3.570,14.280,P,DT,,,yyyy-MM-dd,yyyy-MM-dd,yyyy-MM-dd,yyyy-MM-dd,2026-08-07,2026-07-16 10:07:04,,,,,,2026-07-24 12:26:00,2026-07-24 12:26:00,PP,01,-6:00,2,,,,CIP,,,,,,,00:00:00,CERRO MATOSO SA                    
00515,A01,JIN SHAN ANDES S.A.S               ,PARTSERV            ,0046783,01,5,26511761,TAPER PIN D40                       ,5.00,1.400,7.000,P,DR,,,yyyy-MM-dd,yyyy-MM-dd,yyyy-MM-dd,yyyy-MM-dd,2026-08-12,2026-07-13 15:30:45,,,,,,2026-07-24 12:37:28,2026-07-24 12:37:28,PP,01,-6:00,2,,,,DDP,,,,,,,00:00:00,JIN SHAN ANDES S.A.S               
00515,A01,JIN SHAN ANDES S.A.S               ,PARTSERV            ,0046783,01,6,20888408,BEARING BUSHING                     ,2.00,0.080,0.160,P,DR,,,yyyy-MM-dd,yyyy-MM-dd,yyyy-MM-dd,yyyy-MM-dd,2026-08-12,2026-07-13 15:30:45,,,,,,2026-07-24 12:37:28,2026-07-24 12:37:28,PP,01,-6:00,2,,,,DDP,,,,,,,00:00:00,JIN SHAN ANDES S.A.S               
00515,A01,JIN SHAN ANDES S.A.S               ,PARTSERV            ,0046783,01,10,77019201,JOYSTICK FORWARD/BACKWARD HORN      ,1.00,0.480,0.480,P,DS,,,yyyy-MM-dd,yyyy-MM-dd,yyyy-MM-dd,yyyy-MM-dd,2026-08-12,2026-07-13 15:30:45,,,,,,2026-07-24 12:37:28,2026-07-24 12:37:28,PP,01,-6:00,2,,,,DDP,,,,,,,00:00:00,JIN SHAN ANDES S.A.S               
00035,A01,ARIS MINING MARMATO S.A.S          ,PARTSERV            ,0046768,03,23,BG01583237,BEARING BUSHING                     ,2.00,0.480,0.960,P,DR,,,yyyy-MM-dd,yyyy-MM-dd,yyyy-MM-dd,yyyy-MM-dd,2026-07-15,2026-07-10 13:52:56,,,,,,2026-07-17 17:26:27,2026-07-17 17:26:27,PP,01,-6:00,2,,,,DDP,,,,,,,00:00:00,ARIS MINING MARMATO S.A.S          
00034,A02,MINERA EL ROBLE SA                 ,PARTSERV            ,0046755,00,1,73702405,SCREW                               ,21.00,0.030,0.630,P,DS,,,yyyy-MM-dd,yyyy-MM-dd,yyyy-MM-dd,yyyy-MM-dd,2026-08-24,2026-07-10 10:28:28,,,,,,2026-07-24 12:27:12,2026-07-24 12:27:12,PP,01,-6:00,2,,,,CIP,,,,,,,00:00:00,MINERA EL ROBLE SA                 
00139,A02,CONTINENTAL GOLD LIMITED SUCURSAL C,PARTSERV            ,0046737,00,38,55205888,RELAY                               ,21.00,0.020,0.420,P,DR,,,yyyy-MM-dd,yyyy-MM-dd,yyyy-MM-dd,yyyy-MM-dd,2026-07-27,2026-07-08 16:16:33,,,,,,2026-07-24 12:35:18,2026-07-24 12:35:18,PP,01,-6:00,2,,,,CIP,,,,,,,00:00:00,CONTINENTAL GOLD LIMITED SUCURSAL C
00139,A02,CONTINENTAL GOLD LIMITED SUCURSAL C,PARTSERV            ,0046737,00,39,88815329,RELAY BASE                          ,25.00,0.020,0.500,P,DR,,,yyyy-MM-dd,yyyy-MM-dd,yyyy-MM-dd,yyyy-MM-dd,2026-07-27,2026-07-08 16:16:33,,,,,,2026-07-24 12:35:18,2026-07-24 12:35:18,PP,01,-6:00,2,,,,CIP,,,,,,,00:00:00,CONTINENTAL GOLD LIMITED SUCURSAL C
00139,A02,CONTINENTAL GOLD LIMITED SUCURSAL C,PARTSERV            ,0046737,00,40,77012898,RELAY                               ,32.00,0.020,0.640,P,DS,,,yyyy-MM-dd,yyyy-MM-dd,yyyy-MM-dd,yyyy-MM-dd,2026-07-27,2026-07-08 16:16:33,,,,,,2026-07-24 12:35:18,2026-07-24 12:35:18,PP,01,-6:00,2,,,,CIP,,,,,,,00:00:00,CONTINENTAL GOLD LIMITED SUCURSAL C
00139,A02,CONTINENTAL GOLD LIMITED SUCURSAL C,PARTSERV            ,0046737,00,42,26363418,BUFFER                              ,4.00,4.030,16.120,P,DR,,,yyyy-MM-dd,yyyy-MM-dd,yyyy-MM-dd,yyyy-MM-dd,2026-07-27,2026-07-08 16:16:33,,,,,,2026-07-24 12:35:18,2026-07-24 12:35:18,PP,01,-6:00,2,,,,CIP,,,,,,,00:00:00,CONTINENTAL GOLD LIMITED SUCURSAL C
00139,A02,CONTINENTAL GOLD LIMITED SUCURSAL C,PARTSERV            ,0046737,00,43,70180409,BUSHING                             ,4.00,0.120,0.480,P,DS,,,yyyy-MM-dd,yyyy-MM-dd,yyyy-MM-dd,yyyy-MM-dd,2026-07-27,2026-07-08 16:16:33,,,,,,2026-07-24 12:35:18,2026-07-24 12:35:18,PP,01,-6:00,2,,,,CIP,,,,,,,00:00:00,CONTINENTAL GOLD LIMITED SUCURSAL C
00139,A02,CONTINENTAL GOLD LIMITED SUCURSAL C,PARTSERV            ,0046737,00,47,70391152,PLAIN WASHER IN BRONZE              ,2.00,0.400,0.800,P,DS,,,yyyy-MM-dd,yyyy-MM-dd,yyyy-MM-dd,yyyy-MM-dd,2026-07-27,2026-07-08 16:16:33,,,,,,2026-07-24 12:35:18,2026-07-24 12:35:18,PP,01,-6:00,2,,,,CIP,,,,,,,00:00:00,CONTINENTAL GOLD LIMITED SUCURSAL C
00139,A02,CONTINENTAL GOLD LIMITED SUCURSAL C,PARTSERV            ,0046737,00,48,AF10140016,"ADAPTER, MALE STUD CONNECTOR        ",2.00,0.080,0.160,P,DR,,,yyyy-MM-dd,yyyy-MM-dd,yyyy-MM-dd,yyyy-MM-dd,2026-07-27,2026-07-08 16:16:33,,,,,,2026-07-24 12:35:18,2026-07-24 12:35:18,PP,01,-6:00,2,,,,CIP,,,,,,,00:00:00,CONTINENTAL GOLD LIMITED SUCURSAL C
00139,A02,CONTINENTAL GOLD LIMITED SUCURSAL C,PARTSERV            ,0046737,00,24,88129179,"DIRECTIONAL VALVE, 3/2              ",1.00,0.159,0.159,P,DR,,,yyyy-MM-dd,yyyy-MM-dd,yyyy-MM-dd,yyyy-MM-dd,2026-07-27,2026-07-08 16:16:32,,,,,,2026-07-24 12:35:17,2026-07-24 12:35:18,PP,01,-6:00,2,,,,CIP,,,,,,,00:00:00,CONTINENTAL GOLD LIMITED SUCURSAL C
00139,A02,CONTINENTAL GOLD LIMITED SUCURSAL C,PARTSERV            ,0046737,00,25,BG00752584,BUSHING                             ,1.00,1.120,1.120,P,DS,,,yyyy-MM-dd,yyyy-MM-dd,yyyy-MM-dd,yyyy-MM-dd,2026-07-27,2026-07-08 16:16:32,,,,,,2026-07-24 12:35:17,2026-07-24 12:35:18,PP,01,-6:00,2,,,,CIP,,,,,,,00:00:00,CONTINENTAL GOLD LIMITED SUCURSAL C
00139,A02,CONTINENTAL GOLD LIMITED SUCURSAL C,PARTSERV            ,0046737,00,27,BG01669489,WIRE ROPE SBH7' (3630MM)            ,14.00,1.700,23.800,P,DS,,,yyyy-MM-dd,yyyy-MM-dd,yyyy-MM-dd,yyyy-MM-dd,2026-07-27,2026-07-08 16:16:32,,,,,,2026-07-24 12:35:17,2026-07-24 12:35:18,PP,01,-6:00,2,,,,CIP,,,,,,,00:00:00,CONTINENTAL GOLD LIMITED SUCURSAL C
00139,A02,CONTINENTAL GOLD LIMITED SUCURSAL C,PARTSERV            ,0046737,00,28,55059349,SEAL KIT                            ,2.00,0.420,0.840,P,DR,,,yyyy-MM-dd,yyyy-MM-dd,yyyy-MM-dd,yyyy-MM-dd,2026-07-27,2026-07-08 16:16:32,,,,,,2026-07-24 12:35:17,2026-07-24 12:35:18,PP,01,-6:00,2,,,,CIP,,,,,,,00:00:00,CONTINENTAL GOLD LIMITED SUCURSAL C
00139,A02,CONTINENTAL GOLD LIMITED SUCURSAL C,PARTSERV            ,0046737,00,32,BG00864184,CENTRIFUGAL WATER PUMP              ,3.00,30.500,91.500,C,DS,,,yyyy-MM-dd,yyyy-MM-dd,yyyy-MM-dd,yyyy-MM-dd,2026-07-27,2026-07-08 16:16:32,,,,,,2026-07-24 12:35:17,2026-07-24 12:35:18,PP,01,-6:00,2,,,,CIP,,,,,,,00:00:00,CONTINENTAL GOLD LIMITED SUCURSAL C
00139,A02,CONTINENTAL GOLD LIMITED SUCURSAL C,PARTSERV            ,0046737,00,33,AF03000036,"WASHER, LOCK, PAIR                  ",57.00,0.006,0.342,P,DT,,,yyyy-MM-dd,yyyy-MM-dd,yyyy-MM-dd,yyyy-MM-dd,2026-07-27,2026-07-08 16:16:32,,,,,,2026-07-24 12:35:17,2026-07-24 12:35:18,PP,01,-6:00,2,,,,CIP,,,,,,,00:00:00,CONTINENTAL GOLD LIMITED SUCURSAL C
00139,A02,CONTINENTAL GOLD LIMITED SUCURSAL C,PARTSERV            ,0046737,00,34,AF00101344,"SCREW, HEXAGON HEAD, FULL THREAD    ",21.00,0.200,4.200,P,DR,,,yyyy-MM-dd,yyyy-MM-dd,yyyy-MM-dd,yyyy-MM-dd,2026-07-27,2026-07-08 16:16:32,,,,,,2026-07-24 12:35:18,2026-07-24 12:35:18,PP,01,-6:00,2,,,,CIP,,,,,,,00:00:00,CONTINENTAL GOLD LIMITED SUCURSAL C
00139,A02,CONTINENTAL GOLD LIMITED SUCURSAL C,PARTSERV            ,0046737,00,36,26337508,FRAME STRIP                         ,8.00,1.800,14.400,P,DR,,,yyyy-MM-dd,yyyy-MM-dd,yyyy-MM-dd,yyyy-MM-dd,2026-07-27,2026-07-08 16:16:32,,,,,,2026-07-24 12:35:18,2026-07-24 12:35:18,PP,01,-6:00,2,,,,CIP,,,,,,,00:00:00,CONTINENTAL GOLD LIMITED SUCURSAL C
00139,A02,CONTINENTAL GOLD LIMITED SUCURSAL C,PARTSERV            ,0046737,00,12,BG00641499,SEAT                                ,1.00,43.700,43.700,P,LT,,,yyyy-MM-dd,yyyy-MM-dd,yyyy-MM-dd,yyyy-MM-dd,2026-07-27,2026-07-08 16:16:31,,,,,,2026-07-24 12:35:16,2026-07-24 12:35:18,PP,01,-6:00,2,,,,CIP,,,,,,,00:00:00,CONTINENTAL GOLD LIMITED SUCURSAL C
00139,A02,CONTINENTAL GOLD LIMITED SUCURSAL C,PARTSERV            ,0046737,00,13,56011846,DRYER                               ,2.00,1.240,2.480,P,LT,,,yyyy-MM-dd,yyyy-MM-dd,yyyy-MM-dd,yyyy-MM-dd,2026-07-27,2026-07-08 16:16:31,,,,,,2026-07-24 12:35:17,2026-07-24 12:35:18,PP,01,-6:00,2,,,,CIP,,,,,,,00:00:00,CONTINENTAL GOLD LIMITED SUCURSAL C
00139,A02,CONTINENTAL GOLD LIMITED SUCURSAL C,PARTSERV            ,0046737,00,17,56045189,DIRECTIONAL VALVE                   ,3.00,1.700,5.100,P,LT,,,yyyy-MM-dd,yyyy-MM-dd,yyyy-MM-dd,yyyy-MM-dd,2026-07-27,2026-07-08 16:16:31,,,,,,2026-07-24 12:35:17,2026-07-24 12:35:18,PP,01,-6:00,2,,,,CIP,,,,,,,00:00:00,CONTINENTAL GOLD LIMITED SUCURSAL C
00139,A02,CONTINENTAL GOLD LIMITED SUCURSAL C,PARTSERV            ,0046737,00,20,70821228,TUBE                                ,1.00,3.000,3.000,P,DS,,,yyyy-MM-dd,yyyy-MM-dd,yyyy-MM-dd,yyyy-MM-dd,2026-07-27,2026-07-08 16:16:31,,,,,,2026-07-24 12:35:17,2026-07-24 12:35:18,PP,01,-6:00,2,,,,CIP,,,,,,,00:00:00,CONTINENTAL GOLD LIMITED SUCURSAL C
00139,A02,CONTINENTAL GOLD LIMITED SUCURSAL C,PARTSERV            ,0046737,00,21,AF21150016,"BEARING, SPHERICAL PLAIN            ",2.00,0.540,1.080,P,DR,,,yyyy-MM-dd,yyyy-MM-dd,yyyy-MM-dd,yyyy-MM-dd,2026-07-27,2026-07-08 16:16:31,,,,,,2026-07-24 12:35:17,2026-07-24 12:35:18,PP,01,-6:00,2,,,,CIP,,,,,,,00:00:00,CONTINENTAL GOLD LIMITED SUCURSAL C
00139,A02,CONTINENTAL GOLD LIMITED SUCURSAL C,PARTSERV            ,0046737,00,22,70880191,SPRING                              ,4.00,0.010,0.040,P,DS,,,yyyy-MM-dd,yyyy-MM-dd,yyyy-MM-dd,yyyy-MM-dd,2026-07-27,2026-07-08 16:16:31,,,,,,2026-07-24 12:35:17,2026-07-24 12:35:18,PP,01,-6:00,2,,,,CIP,,,,,,,00:00:00,CONTINENTAL GOLD LIMITED SUCURSAL C
00139,A02,CONTINENTAL GOLD LIMITED SUCURSAL C,PARTSERV            ,0046737,00,23,70430531,SHIM                                ,8.00,0.029,0.232,P,DS,,,yyyy-MM-dd,yyyy-MM-dd,yyyy-MM-dd,yyyy-MM-dd,2026-07-27,2026-07-08 16:16:31,,,,,,2026-07-24 12:35:17,2026-07-24 12:35:18,PP,01,-6:00,2,,,,CIP,,,,,,,00:00:00,CONTINENTAL GOLD LIMITED SUCURSAL C
00139,A02,CONTINENTAL GOLD LIMITED SUCURSAL C,PARTSERV            ,0046737,00,5,56049476,SLEEVE                              ,8.00,0.026,0.208,P,LT,,,yyyy-MM-dd,yyyy-MM-dd,yyyy-MM-dd,yyyy-MM-dd,2026-07-27,2026-07-08 16:16:30,,,,,,2026-07-24 12:35:16,2026-07-24 12:35:18,PP,01,-6:00,2,,,,CIP,,,,,,,00:00:00,CONTINENTAL GOLD LIMITED SUCURSAL C
00139,A02,CONTINENTAL GOLD LIMITED SUCURSAL C,PARTSERV            ,0046737,00,7,56040861,NOZZLE                              ,2.00,0.001,0.002,P,LT,,,yyyy-MM-dd,yyyy-MM-dd,yyyy-MM-dd,yyyy-MM-dd,2026-07-27,2026-07-08 16:16:30,,,,,,2026-07-24 12:35:16,2026-07-24 12:35:18,PP,01,-6:00,2,,,,CIP,,,,,,,00:00:00,CONTINENTAL GOLD LIMITED SUCURSAL C
00034,A02,MINERA EL ROBLE SA                 ,PARTSERV            ,0046732,00,2,70430530,SHIM                                ,16.00,0.020,0.320,P,DS,,,yyyy-MM-dd,yyyy-MM-dd,yyyy-MM-dd,yyyy-MM-dd,2026-07-28,2026-07-08 13:21:58,,,,,,2026-07-24 10:45:30,2026-07-24 10:45:30,PP,01,-6:00,2,,,,CIP,,,,,,,00:00:00,MINERA EL ROBLE SA                 
00034,A02,MINERA EL ROBLE SA                 ,PARTSERV            ,0046732,00,3,70430531,SHIM                                ,21.00,0.029,0.609,P,DS,,,yyyy-MM-dd,yyyy-MM-dd,yyyy-MM-dd,yyyy-MM-dd,2026-08-28,2026-07-08 13:21:58,,,,,,2026-07-24 10:45:30,2026-07-24 10:45:30,PP,01,-6:00,2,,,,CIP,,,,,,,00:00:00,MINERA EL ROBLE SA                 
00034,A02,MINERA EL ROBLE SA                 ,PARTSERV            ,0046732,00,5,70410320,SEAL                                ,3.00,0.040,0.120,P,DS,,,yyyy-MM-dd,yyyy-MM-dd,yyyy-MM-dd,yyyy-MM-dd,2026-07-28,2026-07-08 13:21:58,,,,,,2026-07-24 10:45:30,2026-07-24 10:45:30,PP,01,-6:00,2,,,,CIP,,,,,,,00:00:00,MINERA EL ROBLE SA                 
00034,A02,MINERA EL ROBLE SA                 ,PARTSERV            ,0046729,01,8,56027942,TAPERED ROLLER BEARING              ,2.00,0.760,1.520,P,LT,,,yyyy-MM-dd,yyyy-MM-dd,yyyy-MM-dd,yyyy-MM-dd,2026-08-12,2026-07-08 13:04:12,,,,,,2026-07-24 12:26:58,2026-07-24 12:26:58,PP,01,-6:00,2,,,,CIP,,,,,,,00:00:00,MINERA EL ROBLE SA                 
00034,A02,MINERA EL ROBLE SA                 ,PARTSERV            ,0046729,01,17,56014458,"SENSOR, TEMPERATURE                 ",2.00,0.070,0.140,P,LT,,,yyyy-MM-dd,yyyy-MM-dd,yyyy-MM-dd,yyyy-MM-dd,2026-08-12,2026-07-08 13:04:12,,,,,,2026-07-24 12:26:58,2026-07-24 12:26:58,PP,01,-6:00,2,,,,CIP,,,,,,,00:00:00,MINERA EL ROBLE SA                 
00139,A02,CONTINENTAL GOLD LIMITED SUCURSAL C,PARTSERV            ,0046697,01,10,BG00791171,BEARING BUSHING                     ,1.00,3.650,3.650,P,DR,,,yyyy-MM-dd,yyyy-MM-dd,yyyy-MM-dd,yyyy-MM-dd,2026-08-18,2026-07-07 15:55:42,,,,,,2026-07-24 12:34:53,2026-07-24 12:34:53,PP,01,-6:00,2,,,,CIP,,,,,,,00:00:00,CONTINENTAL GOLD LIMITED SUCURSAL C
00139,A02,CONTINENTAL GOLD LIMITED SUCURSAL C,PARTSERV            ,0046697,01,14,55050828,DRIVER (BRONZE)                     ,5.00,2.220,11.100,P,DR,,,yyyy-MM-dd,yyyy-MM-dd,yyyy-MM-dd,yyyy-MM-dd,2026-08-18,2026-07-07 15:55:42,,,,,,2026-07-24 12:34:53,2026-07-24 12:34:53,PP,01,-6:00,2,,,,CIP,,,,,,,00:00:00,CONTINENTAL GOLD LIMITED SUCURSAL C
00139,A02,CONTINENTAL GOLD LIMITED SUCURSAL C,PARTSERV            ,0046697,01,8,78400965,SEAL KIT                            ,1.00,0.190,0.190,P,DS,,,yyyy-MM-dd,yyyy-MM-dd,yyyy-MM-dd,yyyy-MM-dd,2026-08-18,2026-07-07 15:55:41,,,,,,2026-07-24 12:34:53,2026-07-24 12:34:53,PP,01,-6:00,2,,,,CIP,,,,,,,00:00:00,CONTINENTAL GOLD LIMITED SUCURSAL C
00139,A02,CONTINENTAL GOLD LIMITED SUCURSAL C,PARTSERV            ,0046697,01,9,BG00787332,PISTON                              ,1.00,6.240,6.240,P,DR,,,yyyy-MM-dd,yyyy-MM-dd,yyyy-MM-dd,yyyy-MM-dd,2026-08-18,2026-07-07 15:55:41,,,,,,2026-07-24 12:34:53,2026-07-24 12:34:53,PP,01,-6:00,2,,,,CIP,,,,,,,00:00:00,CONTINENTAL GOLD LIMITED SUCURSAL C
00139,A02,CONTINENTAL GOLD LIMITED SUCURSAL C,PARTSERV            ,0046696,01,40,BG00780957,JOYSTICK                            ,1.00,0.980,0.980,P,LT,,,yyyy-MM-dd,yyyy-MM-dd,yyyy-MM-dd,yyyy-MM-dd,2026-07-17,2026-07-07 15:24:09,,,,,,2026-07-24 12:34:30,2026-07-24 12:34:30,PP,01,-6:00,2,,,,CIP,,,,,,,00:00:00,CONTINENTAL GOLD LIMITED SUCURSAL C
00139,A02,CONTINENTAL GOLD LIMITED SUCURSAL C,PARTSERV            ,0046696,01,47,56045189,DIRECTIONAL VALVE                   ,3.00,1.700,5.100,P,LT,,,yyyy-MM-dd,yyyy-MM-dd,yyyy-MM-dd,yyyy-MM-dd,2026-07-17,2026-07-07 15:24:09,,,,,,2026-07-24 12:34:30,2026-07-24 12:34:30,PP,01,-6:00,2,,,,CIP,,,,,,,00:00:00,CONTINENTAL GOLD LIMITED SUCURSAL C
00139,A02,CONTINENTAL GOLD LIMITED SUCURSAL C,PARTSERV            ,0046696,01,19,06543644,HEXAGON HEAD BOLT                   ,36.00,0.040,1.440,P,LT,,,yyyy-MM-dd,yyyy-MM-dd,yyyy-MM-dd,yyyy-MM-dd,2026-07-17,2026-07-07 15:24:07,,,,,,2026-07-24 12:34:29,2026-07-24 12:34:30,PP,01,-6:00,2,,,,CIP,,,,,,,00:00:00,CONTINENTAL GOLD LIMITED SUCURSAL C
00139,A02,CONTINENTAL GOLD LIMITED SUCURSAL C,PARTSERV            ,0046696,01,20,55044377,LOCK NUT                            ,70.00,0.018,1.260,P,DR,,,yyyy-MM-dd,yyyy-MM-dd,yyyy-MM-dd,yyyy-MM-dd,2026-07-17,2026-07-07 15:24:07,,,,,,2026-07-24 12:34:29,2026-07-24 12:34:30,PP,01,-6:00,2,,,,CIP,,,,,,,00:00:00,CONTINENTAL GOLD LIMITED SUCURSAL C
00515,A01,JIN SHAN ANDES S.A.S               ,PARTSERV            ,0046643,01,1,56041887,SEQUENCE VALVE                      ,1.00,0.260,0.260,P,LT,,,yyyy-MM-dd,yyyy-MM-dd,yyyy-MM-dd,yyyy-MM-dd,2026-08-12,2026-07-03 10:49:21,,,,,,2026-07-24 12:36:28,2026-07-24 12:36:28,PP,01,-6:00,2,,,,DDP,,,,,,,00:00:00,JIN SHAN ANDES S.A.S               
I5800,E01,SANDVIK DEL PERU S.A.              ,ROTO_TOT            ,0046630,02,1,7514-4664-S70,RETRAC BIT T38 64MM SH70            ,11.00,1.870,20.570,T,TH,,,yyyy-MM-dd,yyyy-MM-dd,yyyy-MM-dd,yyyy-MM-dd,2026-07-08,2026-07-02 15:35:38,,,,,,2026-07-17 14:44:44,2026-07-17 14:44:44,PP,01,-6:00,1,,,,EXW,,,,,,,00:00:00,SANDVIK DEL PERU S.A.              
00139,A02,CONTINENTAL GOLD LIMITED SUCURSAL C,PARTSERV            ,0046626,02,31,76350075,SEAL KIT                            ,1.00,0.320,0.320,P,DS,,,yyyy-MM-dd,yyyy-MM-dd,yyyy-MM-dd,yyyy-MM-dd,2026-07-10,2026-07-02 12:47:53,,,,,,2026-07-24 12:34:03,2026-07-24 12:34:03,PP,01,-6:00,2,,,,CIP,,,,,,,00:00:00,CONTINENTAL GOLD LIMITED SUCURSAL C
00139,A02,CONTINENTAL GOLD LIMITED SUCURSAL C,PARTSERV            ,0046626,02,8,56015324,LIMIT SWITCH                        ,1.00,0.130,0.130,P,LT,,,yyyy-MM-dd,yyyy-MM-dd,yyyy-MM-dd,yyyy-MM-dd,2026-07-10,2026-07-02 12:47:51,,,,,,2026-07-24 12:34:02,2026-07-24 12:34:03,PP,01,-6:00,2,,,,CIP,,,,,,,00:00:00,CONTINENTAL GOLD LIMITED SUCURSAL C
00139,A02,CONTINENTAL GOLD LIMITED SUCURSAL C,PARTSERV            ,0046626,02,10,04762109,HOSE                                ,1.00,0.440,0.440,P,LT,,,yyyy-MM-dd,yyyy-MM-dd,yyyy-MM-dd,yyyy-MM-dd,2026-07-10,2026-07-02 12:47:51,,,,,,2026-07-24 12:34:03,2026-07-24 12:34:03,PP,01,-6:00,2,,,,CIP,,,,,,,00:00:00,CONTINENTAL GOLD LIMITED SUCURSAL C
00034,A02,MINERA EL ROBLE SA                 ,PARTSERV            ,0046621,01,5,73930166,WIRE ROPE                           ,1.00,3.000,3.000,P,DS,,,yyyy-MM-dd,yyyy-MM-dd,yyyy-MM-dd,yyyy-MM-dd,2026-08-19,2026-07-02 10:34:04,,,,,,2026-07-24 12:26:44,2026-07-24 12:26:45,PP,01,-6:00,2,,,,CIP,,,,,,,00:00:00,MINERA EL ROBLE SA                 
DRPAM,001,ARIS MINING MARMATO SAS            ,PARTSERV            ,0046574,04,12,BG01572935,SEAL KIT                            ,1.00,0.020,0.020,P,LT,,,yyyy-MM-dd,yyyy-MM-dd,yyyy-MM-dd,yyyy-MM-dd,2026-06-26,2026-06-26 17:07:11,,,,,,2026-07-17 17:26:27,2026-07-17 17:26:27,PP,01,-6:00,3,,,,CPT,,,,,,,00:00:00,ARIS MINING MARMATO SAS            
DRP39,001,OPERADORA MINERA SAS               ,PARTSERV            ,0046573,05,41,BG01083480,O-RING                              ,1.00,0.001,0.001,P,DR,,,yyyy-MM-dd,yyyy-MM-dd,yyyy-MM-dd,yyyy-MM-dd,2026-06-26,2026-06-26 16:57:58,,,,,,2026-07-17 17:26:27,2026-07-17 17:26:27,PP,01,-6:00,3,,,,CIP,,,,,,,00:00:00,OPERADORA MINERA SAS               
00093,A01,ARIS MINING SEGOVIA                ,PARTSERV            ,0046566,08,4,73930162,WIRE ROPE                           ,1.00,1.420,1.420,P,DS,,,yyyy-MM-dd,yyyy-MM-dd,yyyy-MM-dd,yyyy-MM-dd,2026-07-02,2026-06-25 16:51:01,,,,,,2026-07-17 17:26:27,2026-07-17 17:26:27,PP,01,-6:00,2,,,,CIP,,,,,,,00:00:00,ARIS MINING SEGOVIA                
00035,A01,ARIS MINING MARMATO S.A.S          ,PARTSERV            ,0046560,01,27,55060046,SHANK BUSHING                       ,1.00,0.600,0.600,P,DR,,,yyyy-MM-dd,yyyy-MM-dd,yyyy-MM-dd,yyyy-MM-dd,2026-07-02,2026-06-25 15:04:05,,,,,,2026-07-23 21:05:18,2026-07-23 21:05:18,PP,01,-6:00,2,,,,DDP,,,,,,,00:00:00,ARIS MINING MARMATO S.A.S          
00035,A01,ARIS MINING MARMATO S.A.S          ,PARTSERV            ,0046560,01,33,BG01450298,"FILTER ELEMENT, RETURN              ",1.00,1.720,1.720,P,DS,,,yyyy-MM-dd,yyyy-MM-dd,yyyy-MM-dd,yyyy-MM-dd,2026-07-02,2026-06-25 15:04:05,,,,,,2026-07-23 21:05:18,2026-07-23 21:05:18,PP,01,-6:00,2,,,,DDP,,,,,,,00:00:00,ARIS MINING MARMATO S.A.S          
00035,A01,ARIS MINING MARMATO S.A.S          ,PARTSERV            ,0046560,01,10,AF21010196,"BEARING, DEEP GROVE BALL            ",2.00,0.640,1.280,P,DT,,,yyyy-MM-dd,yyyy-MM-dd,yyyy-MM-dd,yyyy-MM-dd,2026-07-02,2026-06-25 15:04:04,,,,,,2026-07-23 21:05:18,2026-07-23 21:05:18,PP,01,-6:00,2,,,,DDP,,,,,,,00:00:00,ARIS MINING MARMATO S.A.S          
00035,A01,ARIS MINING MARMATO S.A.S          ,PARTSERV            ,0046516,07,34,AF00101339,"SCREW, HEXAGON HEAD, FULL THREAD    ",6.00,0.140,0.840,P,DR,,,yyyy-MM-dd,yyyy-MM-dd,yyyy-MM-dd,yyyy-MM-dd,2026-06-30,2026-06-23 16:00:52,,,,,,2026-07-23 21:05:17,2026-07-23 21:05:18,PP,01,-6:00,2,,,,DDP,,,,,,,00:00:00,ARIS MINING MARMATO S.A.S          
00035,A01,ARIS MINING MARMATO S.A.S          ,PARTSERV            ,0046516,07,35,AF02500006,"WASHER, PLAIN, LARGE                ",4.00,0.010,0.040,P,DR,,,yyyy-MM-dd,yyyy-MM-dd,yyyy-MM-dd,yyyy-MM-dd,2026-06-30,2026-06-23 16:00:52,,,,,,2026-07-23 21:05:17,2026-07-23 21:05:18,PP,01,-6:00,2,,,,DDP,,,,,,,00:00:00,ARIS MINING MARMATO S.A.S          
00035,A01,ARIS MINING MARMATO S.A.S          ,PARTSERV            ,0046516,07,6,BG01048677,"HYDRAULIC MOTOR, VANE               ",1.00,18.260,18.260,C,LT,,,yyyy-MM-dd,yyyy-MM-dd,yyyy-MM-dd,yyyy-MM-dd,2026-06-30,2026-06-23 16:00:50,,,,,,2026-07-23 21:05:17,2026-07-23 21:05:18,PP,01,-6:00,2,,,,DDP,,,,,,,00:00:00,ARIS MINING MARMATO S.A.S          
00035,A01,ARIS MINING MARMATO S.A.S          ,PARTSERV            ,0046516,07,8,AF02300011,"WASHER, PLAIN, NORMAL               ",2.00,0.014,0.028,P,DR,,,yyyy-MM-dd,yyyy-MM-dd,yyyy-MM-dd,yyyy-MM-dd,2026-06-30,2026-06-23 16:00:50,,,,,,2026-07-23 21:05:17,2026-07-23 21:05:18,PP,01,-6:00,2,,,,DDP,,,,,,,00:00:00,ARIS MINING MARMATO S.A.S          
00035,A01,ARIS MINING MARMATO S.A.S          ,PARTSERV            ,0046492,05,60,BG00623703,CAP                                 ,4.00,0.050,0.200,P,LT,,,yyyy-MM-dd,yyyy-MM-dd,yyyy-MM-dd,yyyy-MM-dd,2026-06-25,2026-06-22 10:09:24,,,,,,2026-07-23 21:05:17,2026-07-23 21:05:17,PP,01,-6:00,2,,,,DDP,,,,,,,00:00:00,ARIS MINING MARMATO S.A.S          
00035,A01,ARIS MINING MARMATO S.A.S          ,PARTSERV            ,0046492,05,35,BG00954899,"INDICATOR, WEAR                     ",2.00,0.130,0.260,P,LT,,,yyyy-MM-dd,yyyy-MM-dd,yyyy-MM-dd,yyyy-MM-dd,2026-06-25,2026-06-22 10:09:23,,,,,,2026-07-23 21:05:17,2026-07-23 21:05:17,PP,01,-6:00,2,,,,DDP,,,,,,,00:00:00,ARIS MINING MARMATO S.A.S          
00035,A01,ARIS MINING MARMATO S.A.S          ,PARTSERV            ,0046492,05,10,56002936,SEAL KIT                            ,2.00,0.978,1.956,P,LT,,,yyyy-MM-dd,yyyy-MM-dd,yyyy-MM-dd,yyyy-MM-dd,2026-06-25,2026-06-22 10:09:21,,,,,,2026-07-23 21:05:17,2026-07-23 21:05:17,PP,01,-6:00,2,,,,DDP,,,,,,,00:00:00,ARIS MINING MARMATO S.A.S          
00035,A01,ARIS MINING MARMATO S.A.S          ,PARTSERV            ,0046492,05,11,56002936,SEAL KIT                            ,1.00,0.978,0.978,P,LT,,,yyyy-MM-dd,yyyy-MM-dd,yyyy-MM-dd,yyyy-MM-dd,2026-06-25,2026-06-22 10:09:21,,,,,,2026-07-23 21:05:17,2026-07-23 21:05:17,PP,01,-6:00,2,,,,DDP,,,,,,,00:00:00,ARIS MINING MARMATO S.A.S          
00139,A02,CONTINENTAL GOLD LIMITED SUCURSAL C,PARTSERV            ,0046446,03,80,04697505,FILTER                              ,1.00,0.820,0.820,P,LT,,,yyyy-MM-dd,yyyy-MM-dd,yyyy-MM-dd,yyyy-MM-dd,2026-07-07,2026-06-17 11:02:54,,,,,,2026-07-24 12:33:39,2026-07-24 12:33:39,PP,01,-6:00,2,,,,CIP,,,,,,,00:00:00,CONTINENTAL GOLD LIMITED SUCURSAL C
00139,A02,CONTINENTAL GOLD LIMITED SUCURSAL C,PARTSERV            ,0046446,03,34,29504150,RING                                ,6.00,0.320,1.920,P,LT,,,yyyy-MM-dd,yyyy-MM-dd,yyyy-MM-dd,yyyy-MM-dd,2026-07-07,2026-06-17 11:02:52,,,,,,2026-07-24 12:33:38,2026-07-24 12:33:39,PP,01,-6:00,2,,,,CIP,,,,,,,00:00:00,CONTINENTAL GOLD LIMITED SUCURSAL C
00139,A02,CONTINENTAL GOLD LIMITED SUCURSAL C,PARTSERV            ,0046446,03,36,AF20020077,INTERNAL CIRCLIP                    ,3.00,0.060,0.180,P,DR,,,yyyy-MM-dd,yyyy-MM-dd,yyyy-MM-dd,yyyy-MM-dd,2026-07-07,2026-06-17 11:02:52,,,,,,2026-07-24 12:33:38,2026-07-24 12:33:39,PP,01,-6:00,2,,,,CIP,,,,,,,00:00:00,CONTINENTAL GOLD LIMITED SUCURSAL C
00139,A02,CONTINENTAL GOLD LIMITED SUCURSAL C,PARTSERV            ,0046446,03,38,02949520,PIN                                 ,3.00,4.480,13.440,P,LT,,,yyyy-MM-dd,yyyy-MM-dd,yyyy-MM-dd,yyyy-MM-dd,2026-07-07,2026-06-17 11:02:52,,,,,,2026-07-24 12:33:39,2026-07-24 12:33:39,PP,01,-6:00,2,,,,CIP,,,,,,,00:00:00,CONTINENTAL GOLD LIMITED SUCURSAL C
00139,A02,CONTINENTAL GOLD LIMITED SUCURSAL C,PARTSERV            ,0046446,03,39,06743226,BEARING                             ,5.00,1.540,7.700,P,LT,,,yyyy-MM-dd,yyyy-MM-dd,yyyy-MM-dd,yyyy-MM-dd,2026-07-07,2026-06-17 11:02:52,,,,,,2026-07-24 12:33:39,2026-07-24 12:33:39,PP,01,-6:00,2,,,,CIP,,,,,,,00:00:00,CONTINENTAL GOLD LIMITED SUCURSAL C
00139,A02,CONTINENTAL GOLD LIMITED SUCURSAL C,PARTSERV            ,0046446,03,15,AF21150041,"BEARING, SPHERICAL PLAIN            ",2.00,4.280,8.560,P,DR,,,yyyy-MM-dd,yyyy-MM-dd,yyyy-MM-dd,yyyy-MM-dd,2026-07-07,2026-06-17 11:02:51,,,,,,2026-07-24 12:33:38,2026-07-24 12:33:39,PP,01,-6:00,2,,,,CIP,,,,,,,00:00:00,CONTINENTAL GOLD LIMITED SUCURSAL C
00139,A02,CONTINENTAL GOLD LIMITED SUCURSAL C,PARTSERV            ,0046446,03,22,AF00101230,"SCREW, HEXAGON HEAD, PARTIAL THR    ",13.00,0.180,2.340,P,DR,,,yyyy-MM-dd,yyyy-MM-dd,yyyy-MM-dd,yyyy-MM-dd,2026-07-07,2026-06-17 11:02:51,,,,,,2026-07-24 12:33:38,2026-07-24 12:33:39,PP,01,-6:00,2,,,,CIP,,,,,,,00:00:00,CONTINENTAL GOLD LIMITED SUCURSAL C
00035,A01,ARIS MINING MARMATO S.A.S          ,PARTSERV            ,0046412,01,1,LCJPPPU240,"JOYSTICK PROPORCIONAL WITH DEADMAN, ",2.00,0.000,0.000,P,DS,,,yyyy-MM-dd,yyyy-MM-dd,yyyy-MM-dd,yyyy-MM-dd,2026-06-17,2026-06-11 13:22:11,,,,,,2026-07-24 14:28:03,2026-07-24 14:28:03,PP,01,-6:00,2,,,,DDP,,,,,,,00:00:00,ARIS MINING MARMATO S.A.S          
00139,A02,CONTINENTAL GOLD LIMITED SUCURSAL C,PARTSERV            ,0046364,03,31,BG00990257,FILTER                              ,2.00,0.050,0.100,P,DR,,,yyyy-MM-dd,yyyy-MM-dd,yyyy-MM-dd,yyyy-MM-dd,2026-07-02,2026-06-09 13:03:55,,,,,,2026-07-24 12:33:15,2026-07-24 12:33:15,PP,01,-6:00,2,,,,CIP,,,,,,,00:00:00,CONTINENTAL GOLD LIMITED SUCURSAL C
00139,A02,CONTINENTAL GOLD LIMITED SUCURSAL C,PARTSERV            ,0046364,03,33,BG00695328,"FILTER, BREATHER                    ",1.00,0.090,0.090,P,LT,,,yyyy-MM-dd,yyyy-MM-dd,yyyy-MM-dd,yyyy-MM-dd,2026-07-02,2026-06-09 13:03:55,,,,,,2026-07-24 12:33:15,2026-07-24 12:33:15,PP,01,-6:00,2,,,,CIP,,,,,,,00:00:00,CONTINENTAL GOLD LIMITED SUCURSAL C
00139,A02,CONTINENTAL GOLD LIMITED SUCURSAL C,PARTSERV            ,0046364,03,12,AF00100765,"SCREW, HEXAGON HEAD, FULL THREAD    ",5.00,0.050,0.250,P,LT,,,yyyy-MM-dd,yyyy-MM-dd,yyyy-MM-dd,yyyy-MM-dd,2026-07-02,2026-06-09 13:03:54,,,,,,2026-07-24 12:33:15,2026-07-24 12:33:15,PP,01,-6:00,2,,,,CIP,,,,,,,00:00:00,CONTINENTAL GOLD LIMITED SUCURSAL C
00139,A02,CONTINENTAL GOLD LIMITED SUCURSAL C,PARTSERV            ,0046364,03,16,BG01654786,LEVEL SENSOR                        ,10.00,0.320,3.200,P,DR,,,yyyy-MM-dd,yyyy-MM-dd,yyyy-MM-dd,yyyy-MM-dd,2026-07-02,2026-06-09 13:03:54,,,,,,2026-07-24 12:33:15,2026-07-24 12:33:15,PP,01,-6:00,2,,,,CIP,,,,,,,00:00:00,CONTINENTAL GOLD LIMITED SUCURSAL C
00139,A02,CONTINENTAL GOLD LIMITED SUCURSAL C,PARTSERV            ,0046357,02,3,BG00787332,PISTON                              ,1.00,6.240,6.240,P,DR,,,yyyy-MM-dd,yyyy-MM-dd,yyyy-MM-dd,yyyy-MM-dd,2026-07-02,2026-06-09 10:27:59,,,,,,2026-07-24 12:32:24,2026-07-24 12:32:24,PP,01,-6:00,2,,,,CIP,,,,,,,00:00:00,CONTINENTAL GOLD LIMITED SUCURSAL C
00139,A02,CONTINENTAL GOLD LIMITED SUCURSAL C,PARTSERV            ,0046357,02,7,78401076,SEAL KIT                            ,1.00,0.060,0.060,P,DS,,,yyyy-MM-dd,yyyy-MM-dd,yyyy-MM-dd,yyyy-MM-dd,2026-07-02,2026-06-09 10:27:59,,,,,,2026-07-24 12:32:24,2026-07-24 12:32:24,PP,01,-6:00,2,,,,CIP,,,,,,,00:00:00,CONTINENTAL GOLD LIMITED SUCURSAL C
00139,A02,CONTINENTAL GOLD LIMITED SUCURSAL C,PARTSERV            ,0046357,02,1,BG00917593,ROTATING SHAFT                      ,1.00,1.080,1.080,P,DR,,,yyyy-MM-dd,yyyy-MM-dd,yyyy-MM-dd,yyyy-MM-dd,2026-07-02,2026-06-09 10:27:58,,,,,,2026-07-24 12:32:24,2026-07-24 12:32:24,PP,01,-6:00,2,,,,CIP,,,,,,,00:00:00,CONTINENTAL GOLD LIMITED SUCURSAL C
00035,QA2,ARIS MINING MARMATO SAS            ,PARTSERV            ,0046331,00,1,BG00399213,"INTERFACE, REMOTE CONTROL           ",1.00,2.030,2.030,P,LT,,,yyyy-MM-dd,yyyy-MM-dd,yyyy-MM-dd,yyyy-MM-dd,2026-06-07,2026-06-05 11:38:20,,,,,,2026-07-23 21:05:16,2026-07-23 21:05:17,PP,01,-6:00,2,,,,CIP,,,,,,,00:00:00,SANDVIK COLOMBIA - BOGOTA BRANCH   
00035,QA2,ARIS MINING MARMATO SAS            ,PARTSERV            ,0046331,00,2,BG00395691,ELECTRICS KIT                       ,1.00,1.280,1.280,P,LT,,,yyyy-MM-dd,yyyy-MM-dd,yyyy-MM-dd,yyyy-MM-dd,2026-06-07,2026-06-05 11:38:20,,,,,,2026-07-23 21:05:17,2026-07-23 21:05:17,PP,01,-6:00,2,,,,CIP,,,,,,,00:00:00,SANDVIK COLOMBIA - BOGOTA BRANCH   
00035,A01,ARIS MINING MARMATO S.A.S          ,ROTO_TOT            ,0046296,09,1,7514-4876-S70,RETRAC BIT T38 76MM SH70            ,2.00,2.904,5.808,T,TH,,,yyyy-MM-dd,yyyy-MM-dd,yyyy-MM-dd,yyyy-MM-dd,2026-06-26,2026-06-02 16:13:39,,,,,,2026-07-17 17:26:26,2026-07-17 17:26:27,PP,01,-6:00,2,,,,DDP,,,,,,,00:00:00,ARIS MINING MARMATO S.A.S          
00093,A01,ARIS MINING SEGOVIA                ,PARTSERV            ,0046294,12,4,BG01346413,CAP                                 ,2.00,1.500,3.000,P,LT,,,yyyy-MM-dd,yyyy-MM-dd,yyyy-MM-dd,yyyy-MM-dd,2026-06-09,2026-06-02 15:51:58,,,,,,2026-07-23 08:14:56,2026-07-23 13:52:40,PP,01,-6:00,2,,,,CIP,,,,,,,00:00:00,ARIS MINING SEGOVIA                
00035,A01,ARIS MINING MARMATO S.A.S          ,PARTSERV            ,0046195,08,32,56011888,"NUT, JAM                            ",1.00,0.006,0.006,P,LT,,,yyyy-MM-dd,yyyy-MM-dd,yyyy-MM-dd,yyyy-MM-dd,2026-07-07,2026-05-26 16:04:44,,,,,,2026-07-23 21:05:16,2026-07-23 21:05:16,PP,01,-6:00,2,,,,DDP,,,,,,,00:00:00,ARIS MINING MARMATO S.A.S          
00035,A01,ARIS MINING MARMATO S.A.S          ,PARTSERV            ,0046195,08,56,BG00396952,GUARD                               ,2.00,0.800,1.600,P,DR,,,yyyy-MM-dd,yyyy-MM-dd,yyyy-MM-dd,yyyy-MM-dd,2026-07-24,2026-05-26 16:04:44,,,,,,2026-07-23 21:05:16,2026-07-23 21:05:16,PP,01,-6:00,2,,,,DDP,,,,,,,00:00:00,ARIS MINING MARMATO S.A.S          
00035,A01,ARIS MINING MARMATO S.A.S          ,PARTSERV            ,0046195,08,1,56015324,LIMIT SWITCH                        ,1.00,0.130,0.130,P,LT,,,yyyy-MM-dd,yyyy-MM-dd,yyyy-MM-dd,yyyy-MM-dd,2026-06-09,2026-05-26 16:04:43,,,,,,2026-07-23 21:05:15,2026-07-23 21:05:16,PP,01,-6:00,2,,,,DDP,,,,,,,00:00:00,ARIS MINING MARMATO S.A.S          
00035,A01,ARIS MINING MARMATO S.A.S          ,PARTSERV            ,0046195,08,2,55035789,"FILTER, FILLING, AIR BREATHER       ",1.00,0.500,0.500,P,DR,,,yyyy-MM-dd,yyyy-MM-dd,yyyy-MM-dd,yyyy-MM-dd,2026-07-07,2026-05-26 16:04:43,,,,,,2026-07-23 21:05:15,2026-07-23 21:05:16,PP,01,-6:00,2,,,,DDP,,,,,,,00:00:00,ARIS MINING MARMATO S.A.S          
00035,A01,ARIS MINING MARMATO S.A.S          ,PARTSERV            ,0046195,08,3,03389010,SEAL KIT                            ,1.00,0.014,0.014,P,DR,,,yyyy-MM-dd,yyyy-MM-dd,yyyy-MM-dd,yyyy-MM-dd,2026-07-07,2026-05-26 16:04:43,,,,,,2026-07-23 21:05:15,2026-07-23 21:05:16,PP,01,-6:00,2,,,,DDP,,,,,,,00:00:00,ARIS MINING MARMATO S.A.S          
00035,A01,ARIS MINING MARMATO S.A.S          ,PARTSERV            ,0046195,08,5,56016063,SEAL KIT                            ,1.00,0.130,0.130,P,LT,,,yyyy-MM-dd,yyyy-MM-dd,yyyy-MM-dd,yyyy-MM-dd,2026-07-07,2026-05-26 16:04:43,,,,,,2026-07-23 21:05:16,2026-07-23 21:05:16,PP,01,-6:00,2,,,,DDP,,,,,,,00:00:00,ARIS MINING MARMATO S.A.S          
00035,A01,ARIS MINING MARMATO S.A.S          ,PARTSERV            ,0046195,08,6,56045206,CHARGING VALVE                      ,1.00,0.340,0.340,P,LT,,,yyyy-MM-dd,yyyy-MM-dd,yyyy-MM-dd,yyyy-MM-dd,2026-06-09,2026-05-26 16:04:43,,,,,,2026-07-23 21:05:16,2026-07-23 21:05:16,PP,01,-6:00,2,,,,DDP,,,,,,,00:00:00,ARIS MINING MARMATO S.A.S          
00035,A01,ARIS MINING MARMATO S.A.S          ,PARTSERV            ,0046195,08,22,AF21150041,"BEARING, SPHERICAL PLAIN            ",2.00,4.280,8.560,P,DR,,,yyyy-MM-dd,yyyy-MM-dd,yyyy-MM-dd,yyyy-MM-dd,2026-06-09,2026-05-26 16:04:43,,,,,,2026-07-23 21:05:16,2026-07-23 21:05:16,PP,01,-6:00,2,,,,DDP,,,,,,,00:00:00,ARIS MINING MARMATO S.A.S          
00139,A02,CONTINENTAL GOLD LIMITED SUCURSAL C,PARTSERV            ,0046085,05,10,04732131,THRUST WASHER                       ,4.00,0.180,0.720,P,LT,,,yyyy-MM-dd,yyyy-MM-dd,yyyy-MM-dd,yyyy-MM-dd,2026-05-22,2026-05-15 15:35:43,,,,,,2026-07-24 12:32:04,2026-07-24 12:32:04,PP,01,-6:00,2,,,,CIP,,,,,,,00:00:00,CONTINENTAL GOLD LIMITED SUCURSAL C
00139,A02,CONTINENTAL GOLD LIMITED SUCURSAL C,PARTSERV            ,0046085,05,12,BG00954899,"INDICATOR, WEAR                     ",9.00,0.130,1.170,P,LT,,,yyyy-MM-dd,yyyy-MM-dd,yyyy-MM-dd,yyyy-MM-dd,2026-05-22,2026-05-15 15:35:43,,,,,,2026-07-24 12:32:04,2026-07-24 12:32:04,PP,01,-6:00,2,,,,CIP,,,,,,,00:00:00,CONTINENTAL GOLD LIMITED SUCURSAL C
00139,A02,CONTINENTAL GOLD LIMITED SUCURSAL C,PARTSERV            ,0046085,05,13,BG00623703,CAP                                 ,11.00,0.050,0.550,P,LT,,,yyyy-MM-dd,yyyy-MM-dd,yyyy-MM-dd,yyyy-MM-dd,2026-05-22,2026-05-15 15:35:43,,,,,,2026-07-24 12:32:04,2026-07-24 12:32:04,PP,01,-6:00,2,,,,CIP,,,,,,,00:00:00,CONTINENTAL GOLD LIMITED SUCURSAL C
00139,A02,CONTINENTAL GOLD LIMITED SUCURSAL C,PARTSERV            ,0046085,05,17,70220780,DIFTER OILING INDICATOR             ,2.00,0.159,0.318,P,DS,,,yyyy-MM-dd,yyyy-MM-dd,yyyy-MM-dd,yyyy-MM-dd,2026-05-22,2026-05-15 15:35:43,,,,,,2026-07-24 12:32:04,2026-07-24 12:32:04,PP,01,-6:00,2,,,,CIP,,,,,,,00:00:00,CONTINENTAL GOLD LIMITED SUCURSAL C
00139,A02,CONTINENTAL GOLD LIMITED SUCURSAL C,PARTSERV            ,0046075,05,11,55017965,GEAR                                ,1.00,1.720,1.720,P,LT,,,yyyy-MM-dd,yyyy-MM-dd,yyyy-MM-dd,yyyy-MM-dd,2026-06-09,2026-05-14 16:15:54,,,,,,2026-07-24 12:31:35,2026-07-24 12:31:35,PP,01,-6:00,2,,,,CIP,,,,,,,00:00:00,CONTINENTAL GOLD LIMITED SUCURSAL C
00139,A02,CONTINENTAL GOLD LIMITED SUCURSAL C,PARTSERV            ,0046073,07,49,73412682,SEAL                                ,3.00,0.001,0.003,P,DS,,,yyyy-MM-dd,yyyy-MM-dd,yyyy-MM-dd,yyyy-MM-dd,2026-06-10,2026-05-14 15:44:59,,,,,,2026-07-24 12:31:14,2026-07-24 12:31:14,PP,01,-6:00,2,,,,CIP,,,,,,,00:00:00,CONTINENTAL GOLD LIMITED SUCURSAL C
00139,A02,CONTINENTAL GOLD LIMITED SUCURSAL C,PARTSERV            ,0046073,07,12,81404499,HEX SCREW                           ,1.00,0.580,0.580,P,DR,,,yyyy-MM-dd,yyyy-MM-dd,yyyy-MM-dd,yyyy-MM-dd,2026-06-10,2026-05-14 15:44:58,,,,,,2026-07-24 12:31:14,2026-07-24 12:31:14,PP,01,-6:00,2,,,,CIP,,,,,,,00:00:00,CONTINENTAL GOLD LIMITED SUCURSAL C
00139,A02,CONTINENTAL GOLD LIMITED SUCURSAL C,PARTSERV            ,0046070,03,17,15271108,BUSHING                             ,5.00,0.420,2.100,P,DR,,,yyyy-MM-dd,yyyy-MM-dd,yyyy-MM-dd,yyyy-MM-dd,2026-06-10,2026-05-14 11:55:37,,,,,,2026-07-24 12:30:59,2026-07-24 12:30:59,PP,01,-6:00,2,,,,CIP,,,,,,,00:00:00,CONTINENTAL GOLD LIMITED SUCURSAL C
00139,A02,CONTINENTAL GOLD LIMITED SUCURSAL C,PARTSERV            ,0045935,06,36,04691429,"SEAL, OIL                           ",8.00,0.001,0.008,P,LT,,,yyyy-MM-dd,yyyy-MM-dd,yyyy-MM-dd,yyyy-MM-dd,2026-05-26,2026-05-05 16:55:13,,,,,,2026-07-24 12:30:37,2026-07-24 12:30:37,PP,01,-6:00,2,,,,CIP,,,,,,,00:00:00,CONTINENTAL GOLD LIMITED SUCURSAL C
00139,A02,CONTINENTAL GOLD LIMITED SUCURSAL C,PARTSERV            ,0045922,06,49,04696526,LOCK UP & MODULATOR VALVE ASSEMBLY  ,1.00,4.620,4.620,P,LT,,,yyyy-MM-dd,yyyy-MM-dd,yyyy-MM-dd,yyyy-MM-dd,2026-05-22,2026-05-04 13:11:53,,,,,,2026-07-24 12:30:11,2026-07-24 12:30:12,PP,01,-6:00,2,,,,CIP,,,,,,,00:00:00,CONTINENTAL GOLD LIMITED SUCURSAL C
00139,A02,CONTINENTAL GOLD LIMITED SUCURSAL C,PARTSERV            ,0045922,06,66,BG00463195,"HARNESS, WIRING                     ",1.00,2.800,2.800,P,LT,,,yyyy-MM-dd,yyyy-MM-dd,yyyy-MM-dd,yyyy-MM-dd,2026-05-22,2026-05-04 13:11:53,,,,,,2026-07-24 12:30:12,2026-07-24 12:30:12,PP,01,-6:00,2,,,,CIP,,,,,,,00:00:00,CONTINENTAL GOLD LIMITED SUCURSAL C
00139,A02,CONTINENTAL GOLD LIMITED SUCURSAL C,PARTSERV            ,0045922,06,14,BG00603353,FITTING PIECE                       ,1.00,0.001,0.001,P,LT,,,yyyy-MM-dd,yyyy-MM-dd,yyyy-MM-dd,yyyy-MM-dd,2026-05-22,2026-05-04 13:11:51,,,,,,2026-07-24 12:30:11,2026-07-24 12:30:12,PP,01,-6:00,2,,,,CIP,,,,,,,00:00:00,CONTINENTAL GOLD LIMITED SUCURSAL C
00035,A01,ARIS MINING MARMATO S.A.S          ,PARTSERV            ,0045695,21,19,BG00917480,RIM                                 ,1.00,112.000,112.000,P,LT,,,yyyy-MM-dd,yyyy-MM-dd,yyyy-MM-dd,yyyy-MM-dd,2026-05-30,2026-04-14 12:57:12,,,,,,2026-07-24 14:28:00,2026-07-24 14:28:00,PP,01,-6:00,2,,,,DDP,,,,,,,00:00:00,ARIS MINING MARMATO S.A.S          
00139,A02,CONTINENTAL GOLD LIMITED SUCURSAL C,PARTSERV            ,0045347,09,14,BG00273088,COVER ASSEMBLY                      ,1.00,32.000,32.000,P,LT,,,yyyy-MM-dd,yyyy-MM-dd,yyyy-MM-dd,yyyy-MM-dd,2026-04-15,2026-03-18 11:50:04,,,,,,2026-07-24 12:29:04,2026-07-24 12:29:04,PP,01,-6:00,2,,,,CIP,,,,,,,00:00:00,CONTINENTAL GOLD LIMITED SUCURSAL C
00011,A01,CARBONES DEL CERREJON LIMITED      ,ROTO_TOT            ,0045033,00,1,DP06122011S-A29,"DP612""/20'/1""/PB/412B/ST52/MD6250   ",7.00,678.000,4746.000,7,RT,,,yyyy-MM-dd,yyyy-MM-dd,yyyy-MM-dd,yyyy-MM-dd,2026-06-26,2026-02-23 08:50:29,,,,,,2026-07-24 12:27:11,2026-07-24 12:27:11,PP,01,-6:00,2,,,,CIP,,,,,,,00:00:00,CARBONES DEL CERREJON LIMITED      
00011,A01,CARBONES DEL CERREJON LIMITED      ,ROTO_TOT            ,0045032,00,1,AD0612XL11-2142,"BS612""/103""/PB/412B/412AR/MD6250    ",3.00,360.000,1080.000,7,RT,,,yyyy-MM-dd,yyyy-MM-dd,yyyy-MM-dd,yyyy-MM-dd,2026-06-17,2026-02-23 08:29:42,,,,,,2026-07-24 12:27:11,2026-07-24 12:27:11,PP,01,-6:00,3,,,,CIP,,,,,,,00:00:00,CARBONES DEL CERREJON LIMITED      
00011,A01,CARBONES DEL CERREJON LIMITED      ,ROTO_TOT            ,0045032,00,1,AD0612XL11-2142,"BS612""/103""/PB/412B/412AR/MD6250    ",3.00,360.000,1080.000,7,RT,,,yyyy-MM-dd,yyyy-MM-dd,yyyy-MM-dd,yyyy-MM-dd,2026-06-17,2026-02-23 08:29:42,,,,,,2026-07-24 12:27:11,2026-07-24 12:27:11,PP,01,-6:00,3,,,,CIP,,,,,,,00:00:00,CARBONES DEL CERREJON LIMITED      
00011,A01,CARBONES DEL CERREJON LIMITED      ,ROTO_TOT            ,0044795,00,1,DP061435314-259,"DP614""/35'/.75""/PB/412B/4140/DML    ",2.00,730.000,1460.000,7,RT,,,yyyy-MM-dd,yyyy-MM-dd,yyyy-MM-dd,yyyy-MM-dd,2026-06-02,2026-02-03 13:24:53,,,,,,2026-07-24 12:27:11,2026-07-24 12:27:11,PP,01,-6:00,2,,,,CIP,,,,,,,00:00:00,CARBONES DEL CERREJON LIMITED      

